{
    "$schema": "https://json-schema.org/draft/2020-12/schema",
    "version": "2.0.0",
    "description": "AST-to-Atom crosswalk for Java (200-atom hypothesis testing)",
    "language": "java",
    "coverage": {
        "ast_nodes_total": 95,
        "mapped": 90,
        "skipped": 5,
        "coverage_percent": 95,
        "notes": "Skipped: Javadoc, comment nodes"
    },
    "mappings": [
        {
            "ast_node": "CompilationUnit",
            "atom_id": "ORG.FIL.O",
            "atom_name": "SourceFile",
            "type": "Direct"
        },
        {
            "ast_node": "PackageDeclaration",
            "atom_id": "ORG.MOD.O",
            "atom_name": "Package",
            "type": "Direct"
        },
        {
            "ast_node": "ImportDeclaration",
            "atom_id": "ORG.MOD.O",
            "atom_name": "ImportStmt",
            "type": "Direct"
        },
        {
            "ast_node": "TypeDeclaration",
            "atom_id": "ORG.AGG.M",
            "atom_name": "TypeDecl",
            "type": "Direct"
        },
        {
            "ast_node": "ClassDeclaration",
            "atom_id": "ORG.AGG.M",
            "atom_name": "Class",
            "type": "Direct"
        },
        {
            "ast_node": "InterfaceDeclaration",
            "atom_id": "ORG.SVC.M",
            "atom_name": "Interface",
            "type": "Direct"
        },
        {
            "ast_node": "EnumDeclaration",
            "atom_id": "ORG.AGG.M",
            "atom_name": "Enum",
            "type": "Direct"
        },
        {
            "ast_node": "AnnotationTypeDeclaration",
            "atom_id": "ORG.SVC.M",
            "atom_name": "AnnotationType",
            "type": "Direct"
        },
        {
            "ast_node": "RecordDeclaration",
            "atom_id": "ORG.AGG.M",
            "atom_name": "Record",
            "type": "Direct"
        },
        {
            "ast_node": "FieldDeclaration",
            "atom_id": "DAT.VAR.A",
            "atom_name": "InstanceField",
            "type": "Direct"
        },
        {
            "ast_node": "MethodDeclaration",
            "atom_id": "LOG.FNC.M",
            "atom_name": "Method",
            "type": "Direct"
        },
        {
            "ast_node": "ConstructorDeclaration",
            "atom_id": "LOG.FNC.M",
            "atom_name": "Constructor",
            "type": "Direct"
        },
        {
            "ast_node": "Initializer",
            "atom_id": "EXE.INI.O",
            "atom_name": "InitializerBlock",
            "type": "Direct"
        },
        {
            "ast_node": "EnumConstantDeclaration",
            "atom_id": "DAT.VAR.A",
            "atom_name": "EnumConstant",
            "type": "Direct"
        },
        {
            "ast_node": "AnnotationTypeMemberDeclaration",
            "atom_id": "LOG.FNC.M",
            "atom_name": "Method",
            "type": "Merged"
        },
        {
            "ast_node": "LambdaExpression",
            "atom_id": "LOG.FNC.M",
            "atom_name": "Lambda",
            "type": "Direct"
        },
        {
            "ast_node": "MethodReference",
            "atom_id": "LOG.EXP.A",
            "atom_name": "MethodRef",
            "type": "Direct"
        },
        {
            "ast_node": "CreationReference",
            "atom_id": "LOG.EXP.A",
            "atom_name": "MethodRef",
            "type": "Merged"
        },
        {
            "ast_node": "ExpressionMethodReference",
            "atom_id": "LOG.EXP.A",
            "atom_name": "MethodRef",
            "type": "Merged"
        },
        {
            "ast_node": "SuperMethodReference",
            "atom_id": "LOG.EXP.A",
            "atom_name": "MethodRef",
            "type": "Merged"
        },
        {
            "ast_node": "TypeMethodReference",
            "atom_id": "LOG.EXP.A",
            "atom_name": "MethodRef",
            "type": "Merged"
        },
        {
            "ast_node": "LocalVariableDeclaration",
            "atom_id": "DAT.VAR.A",
            "atom_name": "LocalVar",
            "type": "Direct"
        },
        {
            "ast_node": "SingleVariableDeclaration",
            "atom_id": "DAT.VAR.A",
            "atom_name": "Parameter",
            "type": "Direct"
        },
        {
            "ast_node": "VariableDeclarationFragment",
            "atom_id": "DAT.VAR.A",
            "atom_name": "LocalVar",
            "type": "Merged"
        },
        {
            "ast_node": "Block",
            "atom_id": "LOG.CTL.A",
            "atom_name": "Block",
            "type": "Direct"
        },
        {
            "ast_node": "IfStatement",
            "atom_id": "LOG.CTL.A",
            "atom_name": "IfBranch",
            "type": "Direct"
        },
        {
            "ast_node": "SwitchStatement",
            "atom_id": "LOG.CTL.A",
            "atom_name": "SwitchCase",
            "type": "Direct"
        },
        {
            "ast_node": "SwitchExpression",
            "atom_id": "LOG.CTL.A",
            "atom_name": "SwitchCase",
            "type": "Merged"
        },
        {
            "ast_node": "SwitchCase",
            "atom_id": "LOG.CTL.A",
            "atom_name": "SwitchCase",
            "type": "Merged"
        },
        {
            "ast_node": "ForStatement",
            "atom_id": "LOG.CTL.A",
            "atom_name": "ForLoop",
            "type": "Direct"
        },
        {
            "ast_node": "EnhancedForStatement",
            "atom_id": "LOG.CTL.A",
            "atom_name": "ForOfLoop",
            "type": "Direct"
        },
        {
            "ast_node": "WhileStatement",
            "atom_id": "LOG.CTL.A",
            "atom_name": "WhileLoop",
            "type": "Direct"
        },
        {
            "ast_node": "DoStatement",
            "atom_id": "LOG.CTL.A",
            "atom_name": "DoWhileLoop",
            "type": "Direct"
        },
        {
            "ast_node": "BreakStatement",
            "atom_id": "LOG.STM.A",
            "atom_name": "BreakStmt",
            "type": "Direct"
        },
        {
            "ast_node": "ContinueStatement",
            "atom_id": "LOG.STM.A",
            "atom_name": "ContinueStmt",
            "type": "Direct"
        },
        {
            "ast_node": "ReturnStatement",
            "atom_id": "LOG.STM.A",
            "atom_name": "ReturnStmt",
            "type": "Direct"
        },
        {
            "ast_node": "ThrowStatement",
            "atom_id": "LOG.STM.A",
            "atom_name": "ThrowStmt",
            "type": "Direct"
        },
        {
            "ast_node": "AssertStatement",
            "atom_id": "EXE.PRB.O",
            "atom_name": "Assertion",
            "type": "Direct"
        },
        {
            "ast_node": "YieldStatement",
            "atom_id": "LOG.STM.A",
            "atom_name": "YieldStmt",
            "type": "Direct"
        },
        {
            "ast_node": "TryStatement",
            "atom_id": "LOG.CTL.A",
            "atom_name": "TryBlock",
            "type": "Direct"
        },
        {
            "ast_node": "CatchClause",
            "atom_id": "LOG.CTL.A",
            "atom_name": "CatchClause",
            "type": "Direct"
        },
        {
            "ast_node": "SynchronizedStatement",
            "atom_id": "EXE.WRK.O",
            "atom_name": "SyncBlock",
            "type": "Direct"
        },
        {
            "ast_node": "LabeledStatement",
            "atom_id": "LOG.STM.A",
            "atom_name": "LabeledBlock",
            "type": "Direct",
            "note": "#199"
        },
        {
            "ast_node": "EmptyStatement",
            "atom_id": "LOG.STM.A",
            "atom_name": "EmptyStmt",
            "type": "Direct",
            "note": "#200"
        },
        {
            "ast_node": "ExpressionStatement",
            "atom_id": "LOG.STM.A",
            "atom_name": "ExpressionStmt",
            "type": "Direct"
        },
        {
            "ast_node": "VariableDeclarationStatement",
            "atom_id": "LOG.STM.A",
            "atom_name": "Declaration",
            "type": "Direct"
        },
        {
            "ast_node": "TypeDeclarationStatement",
            "atom_id": "LOG.STM.A",
            "atom_name": "Declaration",
            "type": "Merged"
        },
        {
            "ast_node": "ConstructorInvocation",
            "atom_id": "LOG.EXP.A",
            "atom_name": "ThisCall",
            "type": "Direct"
        },
        {
            "ast_node": "SuperConstructorInvocation",
            "atom_id": "LOG.EXP.A",
            "atom_name": "SuperCall",
            "type": "Direct"
        },
        {
            "ast_node": "MethodInvocation",
            "atom_id": "LOG.EXP.A",
            "atom_name": "CallExpr",
            "type": "Direct"
        },
        {
            "ast_node": "SuperMethodInvocation",
            "atom_id": "LOG.EXP.A",
            "atom_name": "CallExpr",
            "type": "Merged"
        },
        {
            "ast_node": "ClassInstanceCreation",
            "atom_id": "LOG.EXP.A",
            "atom_name": "NewExpr",
            "type": "Direct"
        },
        {
            "ast_node": "ArrayCreation",
            "atom_id": "LOG.EXP.A",
            "atom_name": "NewArrayExpr",
            "type": "Direct"
        },
        {
            "ast_node": "ArrayInitializer",
            "atom_id": "DAT.PRM.A",
            "atom_name": "ArrayLiteral",
            "type": "Direct"
        },
        {
            "ast_node": "InfixExpression",
            "atom_id": "LOG.EXP.A",
            "atom_name": "BinaryExpr",
            "type": "Direct"
        },
        {
            "ast_node": "PrefixExpression",
            "atom_id": "LOG.EXP.A",
            "atom_name": "UnaryExpr",
            "type": "Direct"
        },
        {
            "ast_node": "PostfixExpression",
            "atom_id": "LOG.EXP.A",
            "atom_name": "UnaryExpr",
            "type": "Merged"
        },
        {
            "ast_node": "ConditionalExpression",
            "atom_id": "LOG.EXP.A",
            "atom_name": "TernaryExpr",
            "type": "Direct"
        },
        {
            "ast_node": "CastExpression",
            "atom_id": "LOG.EXP.A",
            "atom_name": "TypeCast",
            "type": "Direct"
        },
        {
            "ast_node": "InstanceofExpression",
            "atom_id": "LOG.EXP.A",
            "atom_name": "TypeCheck",
            "type": "Direct"
        },
        {
            "ast_node": "ParenthesizedExpression",
            "atom_id": "LOG.EXP.A",
            "atom_name": "ParenExpr",
            "type": "Direct"
        },
        {
            "ast_node": "FieldAccess",
            "atom_id": "LOG.EXP.A",
            "atom_name": "MemberExpr",
            "type": "Direct"
        },
        {
            "ast_node": "SuperFieldAccess",
            "atom_id": "LOG.EXP.A",
            "atom_name": "MemberExpr",
            "type": "Merged"
        },
        {
            "ast_node": "ArrayAccess",
            "atom_id": "LOG.EXP.A",
            "atom_name": "IndexExpr",
            "type": "Direct"
        },
        {
            "ast_node": "Assignment",
            "atom_id": "LOG.STM.A",
            "atom_name": "Assignment",
            "type": "Direct"
        },
        {
            "ast_node": "ThisExpression",
            "atom_id": "LOG.EXP.A",
            "atom_name": "ThisExpr",
            "type": "Direct"
        },
        {
            "ast_node": "SimpleName",
            "atom_id": "LOG.EXP.A",
            "atom_name": "IdentifierExpr",
            "type": "Direct"
        },
        {
            "ast_node": "QualifiedName",
            "atom_id": "LOG.EXP.A",
            "atom_name": "QualifiedExpr",
            "type": "Direct"
        },
        {
            "ast_node": "NumberLiteral",
            "atom_id": "DAT.PRM.A",
            "atom_name": "Integer",
            "type": "Direct"
        },
        {
            "ast_node": "CharacterLiteral",
            "atom_id": "DAT.PRM.A",
            "atom_name": "Char",
            "type": "Direct"
        },
        {
            "ast_node": "StringLiteral",
            "atom_id": "DAT.PRM.A",
            "atom_name": "String",
            "type": "Direct"
        },
        {
            "ast_node": "TextBlock",
            "atom_id": "DAT.PRM.A",
            "atom_name": "String",
            "type": "Merged"
        },
        {
            "ast_node": "NullLiteral",
            "atom_id": "DAT.PRM.A",
            "atom_name": "Null",
            "type": "Direct"
        },
        {
            "ast_node": "BooleanLiteral",
            "atom_id": "DAT.PRM.A",
            "atom_name": "Boolean",
            "type": "Direct"
        },
        {
            "ast_node": "TypeLiteral",
            "atom_id": "DAT.PRM.A",
            "atom_name": "ClassLiteral",
            "type": "Direct"
        },
        {
            "ast_node": "Modifier",
            "atom_id": "ORG.AGG.M",
            "atom_name": "AccessMod",
            "type": "Direct"
        },
        {
            "ast_node": "Annotation",
            "atom_id": "LOG.FNC.M",
            "atom_name": "Annotation",
            "type": "Direct",
            "note": "#189"
        },
        {
            "ast_node": "MarkerAnnotation",
            "atom_id": "LOG.FNC.M",
            "atom_name": "Annotation",
            "type": "Merged"
        },
        {
            "ast_node": "NormalAnnotation",
            "atom_id": "LOG.FNC.M",
            "atom_name": "Annotation",
            "type": "Merged"
        },
        {
            "ast_node": "SingleMemberAnnotation",
            "atom_id": "LOG.FNC.M",
            "atom_name": "Annotation",
            "type": "Merged"
        },
        {
            "ast_node": "MemberValuePair",
            "atom_id": "LOG.EXP.A",
            "atom_name": "KeyValuePair",
            "type": "Direct"
        },
        {
            "ast_node": "TypeParameter",
            "atom_id": "ORG.AGG.M",
            "atom_name": "GenericParam",
            "type": "Direct",
            "note": "#193"
        },
        {
            "ast_node": "Dimension",
            "atom_id": "ORG.AGG.M",
            "atom_name": "ArrayDim",
            "type": "Direct"
        },
        {
            "ast_node": "SimpleType",
            "atom_id": "ORG.AGG.M",
            "atom_name": "TypeRef",
            "type": "Direct"
        },
        {
            "ast_node": "ArrayType",
            "atom_id": "ORG.AGG.M",
            "atom_name": "ArrayType",
            "type": "Direct"
        },
        {
            "ast_node": "ParameterizedType",
            "atom_id": "ORG.AGG.M",
            "atom_name": "GenericType",
            "type": "Direct"
        },
        {
            "ast_node": "WildcardType",
            "atom_id": "ORG.AGG.M",
            "atom_name": "WildcardType",
            "type": "Direct"
        },
        {
            "ast_node": "UnionType",
            "atom_id": "ORG.AGG.M",
            "atom_name": "UnionType",
            "type": "Direct",
            "note": "#194"
        },
        {
            "ast_node": "IntersectionType",
            "atom_id": "ORG.AGG.M",
            "atom_name": "IntersectionType",
            "type": "Direct",
            "note": "#195"
        },
        {
            "ast_node": "NameQualifiedType",
            "atom_id": "ORG.AGG.M",
            "atom_name": "TypeRef",
            "type": "Merged"
        },
        {
            "ast_node": "PrimitiveType",
            "atom_id": "ORG.AGG.M",
            "atom_name": "PrimitiveType",
            "type": "Direct"
        },
        {
            "ast_node": "QualifiedType",
            "atom_id": "ORG.AGG.M",
            "atom_name": "TypeRef",
            "type": "Merged"
        }
    ],
    "skipped": [
        {
            "node": "LineComment",
            "reason": "Comment, not semantic"
        },
        {
            "node": "BlockComment",
            "reason": "Comment, not semantic"
        },
        {
            "node": "Javadoc",
            "reason": "Documentation, not semantic"
        },
        {
            "node": "TagElement",
            "reason": "Javadoc internal"
        }
    ]
}