{
    "$schema": "https://json-schema.org/draft/2020-12/schema",
    "version": "2.0.0",
    "description": "AST-to-Atom crosswalk for Rust (200-atom hypothesis testing)",
    "language": "rust",
    "coverage": {
        "ast_nodes_total": 84,
        "mapped": 80,
        "skipped": 4,
        "coverage_percent": 95,
        "notes": "Skipped: internal pattern nodes"
    },
    "mappings": [
        {
            "ast_node": "source_file",
            "atom_id": "ORG.FIL.O",
            "atom_name": "SourceFile",
            "type": "Direct"
        },
        {
            "ast_node": "mod_item",
            "atom_id": "ORG.MOD.O",
            "atom_name": "Module",
            "type": "Direct"
        },
        {
            "ast_node": "use_declaration",
            "atom_id": "ORG.MOD.O",
            "atom_name": "ImportStmt",
            "type": "Direct"
        },
        {
            "ast_node": "extern_crate_declaration",
            "atom_id": "ORG.MOD.O",
            "atom_name": "ImportStmt",
            "type": "Merged"
        },
        {
            "ast_node": "foreign_mod_item",
            "atom_id": "ORG.MOD.O",
            "atom_name": "ForeignModule",
            "type": "Direct"
        },
        {
            "ast_node": "struct_item",
            "atom_id": "ORG.AGG.M",
            "atom_name": "Struct",
            "type": "Direct"
        },
        {
            "ast_node": "enum_item",
            "atom_id": "ORG.AGG.M",
            "atom_name": "Enum",
            "type": "Direct"
        },
        {
            "ast_node": "union_item",
            "atom_id": "ORG.AGG.M",
            "atom_name": "Union",
            "type": "Direct"
        },
        {
            "ast_node": "trait_item",
            "atom_id": "ORG.SVC.M",
            "atom_name": "Interface",
            "type": "Direct"
        },
        {
            "ast_node": "impl_item",
            "atom_id": "ORG.AGG.M",
            "atom_name": "ImplBlock",
            "type": "Direct",
            "note": "#170"
        },
        {
            "ast_node": "type_item",
            "atom_id": "ORG.AGG.M",
            "atom_name": "TypeAlias",
            "type": "Direct",
            "note": "#197"
        },
        {
            "ast_node": "associated_type",
            "atom_id": "ORG.AGG.M",
            "atom_name": "AssocType",
            "type": "Direct"
        },
        {
            "ast_node": "const_item",
            "atom_id": "DAT.VAR.A",
            "atom_name": "Constant",
            "type": "Direct"
        },
        {
            "ast_node": "static_item",
            "atom_id": "DAT.VAR.A",
            "atom_name": "StaticField",
            "type": "Direct"
        },
        {
            "ast_node": "function_item",
            "atom_id": "LOG.FNC.M",
            "atom_name": "Function",
            "type": "Direct"
        },
        {
            "ast_node": "closure_expression",
            "atom_id": "LOG.FNC.M",
            "atom_name": "Lambda",
            "type": "Direct"
        },
        {
            "ast_node": "let_declaration",
            "atom_id": "DAT.VAR.A",
            "atom_name": "LocalVar",
            "type": "Direct"
        },
        {
            "ast_node": "block",
            "atom_id": "LOG.CTL.A",
            "atom_name": "Block",
            "type": "Direct"
        },
        {
            "ast_node": "if_expression",
            "atom_id": "LOG.CTL.A",
            "atom_name": "IfBranch",
            "type": "Direct"
        },
        {
            "ast_node": "if_let_expression",
            "atom_id": "LOG.CTL.A",
            "atom_name": "IfBranch",
            "type": "Merged"
        },
        {
            "ast_node": "match_expression",
            "atom_id": "LOG.CTL.A",
            "atom_name": "SwitchCase",
            "type": "Direct"
        },
        {
            "ast_node": "match_arm",
            "atom_id": "LOG.CTL.A",
            "atom_name": "MatchPattern",
            "type": "Direct",
            "note": "#173"
        },
        {
            "ast_node": "match_pattern",
            "atom_id": "LOG.CTL.A",
            "atom_name": "MatchPattern",
            "type": "Merged"
        },
        {
            "ast_node": "loop_expression",
            "atom_id": "LOG.CTL.A",
            "atom_name": "WhileLoop",
            "type": "Direct"
        },
        {
            "ast_node": "while_expression",
            "atom_id": "LOG.CTL.A",
            "atom_name": "WhileLoop",
            "type": "Merged"
        },
        {
            "ast_node": "while_let_expression",
            "atom_id": "LOG.CTL.A",
            "atom_name": "WhileLoop",
            "type": "Merged"
        },
        {
            "ast_node": "for_expression",
            "atom_id": "LOG.CTL.A",
            "atom_name": "ForLoop",
            "type": "Direct"
        },
        {
            "ast_node": "break_expression",
            "atom_id": "LOG.STM.A",
            "atom_name": "BreakStmt",
            "type": "Direct"
        },
        {
            "ast_node": "continue_expression",
            "atom_id": "LOG.STM.A",
            "atom_name": "ContinueStmt",
            "type": "Direct"
        },
        {
            "ast_node": "return_expression",
            "atom_id": "LOG.STM.A",
            "atom_name": "ReturnStmt",
            "type": "Direct"
        },
        {
            "ast_node": "await_expression",
            "atom_id": "LOG.EXP.A",
            "atom_name": "AwaitExpr",
            "type": "Direct"
        },
        {
            "ast_node": "yield_expression",
            "atom_id": "LOG.EXP.A",
            "atom_name": "YieldExpr",
            "type": "Direct"
        },
        {
            "ast_node": "try_expression",
            "atom_id": "LOG.EXP.A",
            "atom_name": "TryExpr",
            "type": "Direct"
        },
        {
            "ast_node": "async_block",
            "atom_id": "EXE.WRK.O",
            "atom_name": "AsyncBlock",
            "type": "Direct"
        },
        {
            "ast_node": "call_expression",
            "atom_id": "LOG.EXP.A",
            "atom_name": "CallExpr",
            "type": "Direct"
        },
        {
            "ast_node": "method_call_expression",
            "atom_id": "LOG.EXP.A",
            "atom_name": "CallExpr",
            "type": "Merged"
        },
        {
            "ast_node": "generic_function",
            "atom_id": "LOG.FNC.M",
            "atom_name": "GenericFunc",
            "type": "Direct"
        },
        {
            "ast_node": "macro_invocation",
            "atom_id": "LOG.EXP.A",
            "atom_name": "MacroCall",
            "type": "Direct",
            "note": "#169"
        },
        {
            "ast_node": "macro_definition",
            "atom_id": "LOG.FNC.M",
            "atom_name": "MacroDef",
            "type": "Direct"
        },
        {
            "ast_node": "macro_rule",
            "atom_id": "LOG.FNC.M",
            "atom_name": "MacroRule",
            "type": "Direct",
            "note": "#191"
        },
        {
            "ast_node": "token_tree",
            "atom_id": "LOG.EXP.A",
            "atom_name": "MacroTokens",
            "type": "Direct"
        },
        {
            "ast_node": "binary_expression",
            "atom_id": "LOG.EXP.A",
            "atom_name": "BinaryExpr",
            "type": "Direct"
        },
        {
            "ast_node": "unary_expression",
            "atom_id": "LOG.EXP.A",
            "atom_name": "UnaryExpr",
            "type": "Direct"
        },
        {
            "ast_node": "field_expression",
            "atom_id": "LOG.EXP.A",
            "atom_name": "MemberExpr",
            "type": "Direct"
        },
        {
            "ast_node": "index_expression",
            "atom_id": "LOG.EXP.A",
            "atom_name": "IndexExpr",
            "type": "Direct"
        },
        {
            "ast_node": "range_expression",
            "atom_id": "LOG.EXP.A",
            "atom_name": "RangeExpr",
            "type": "Direct",
            "note": "#183"
        },
        {
            "ast_node": "type_cast_expression",
            "atom_id": "LOG.EXP.A",
            "atom_name": "TypeCast",
            "type": "Direct"
        },
        {
            "ast_node": "reference_expression",
            "atom_id": "LOG.EXP.A",
            "atom_name": "RefExpr",
            "type": "Direct"
        },
        {
            "ast_node": "dereference_expression",
            "atom_id": "LOG.EXP.A",
            "atom_name": "DerefExpr",
            "type": "Direct"
        },
        {
            "ast_node": "assignment_expression",
            "atom_id": "LOG.STM.A",
            "atom_name": "Assignment",
            "type": "Direct"
        },
        {
            "ast_node": "compound_assignment_expr",
            "atom_id": "LOG.STM.A",
            "atom_name": "Assignment",
            "type": "Merged"
        },
        {
            "ast_node": "struct_expression",
            "atom_id": "DAT.PRM.A",
            "atom_name": "StructLiteral",
            "type": "Direct"
        },
        {
            "ast_node": "tuple_expression",
            "atom_id": "DAT.PRM.A",
            "atom_name": "TupleLiteral",
            "type": "Direct"
        },
        {
            "ast_node": "array_expression",
            "atom_id": "DAT.PRM.A",
            "atom_name": "ArrayLiteral",
            "type": "Direct"
        },
        {
            "ast_node": "unit_expression",
            "atom_id": "DAT.PRM.A",
            "atom_name": "UnitLiteral",
            "type": "Direct"
        },
        {
            "ast_node": "parenthesized_expression",
            "atom_id": "LOG.EXP.A",
            "atom_name": "ParenExpr",
            "type": "Direct"
        },
        {
            "ast_node": "integer_literal",
            "atom_id": "DAT.PRM.A",
            "atom_name": "Integer",
            "type": "Direct"
        },
        {
            "ast_node": "float_literal",
            "atom_id": "DAT.PRM.A",
            "atom_name": "Float",
            "type": "Direct"
        },
        {
            "ast_node": "string_literal",
            "atom_id": "DAT.PRM.A",
            "atom_name": "String",
            "type": "Direct"
        },
        {
            "ast_node": "raw_string_literal",
            "atom_id": "DAT.PRM.A",
            "atom_name": "String",
            "type": "Merged"
        },
        {
            "ast_node": "char_literal",
            "atom_id": "DAT.PRM.A",
            "atom_name": "Char",
            "type": "Direct"
        },
        {
            "ast_node": "boolean_literal",
            "atom_id": "DAT.PRM.A",
            "atom_name": "Boolean",
            "type": "Direct"
        },
        {
            "ast_node": "identifier",
            "atom_id": "LOG.EXP.A",
            "atom_name": "IdentifierExpr",
            "type": "Direct"
        },
        {
            "ast_node": "field_identifier",
            "atom_id": "LOG.EXP.A",
            "atom_name": "IdentifierExpr",
            "type": "Merged"
        },
        {
            "ast_node": "type_identifier",
            "atom_id": "ORG.AGG.M",
            "atom_name": "TypeRef",
            "type": "Direct"
        },
        {
            "ast_node": "lifetime",
            "atom_id": "ORG.AGG.M",
            "atom_name": "Lifetime",
            "type": "Direct"
        },
        {
            "ast_node": "attribute_item",
            "atom_id": "LOG.FNC.M",
            "atom_name": "Annotation",
            "type": "Direct",
            "note": "#189"
        },
        {
            "ast_node": "inner_attribute_item",
            "atom_id": "LOG.FNC.M",
            "atom_name": "Annotation",
            "type": "Merged"
        },
        {
            "ast_node": "visibility_modifier",
            "atom_id": "ORG.AGG.M",
            "atom_name": "AccessMod",
            "type": "Direct"
        },
        {
            "ast_node": "expression_statement",
            "atom_id": "LOG.STM.A",
            "atom_name": "ExpressionStmt",
            "type": "Direct"
        },
        {
            "ast_node": "empty_statement",
            "atom_id": "LOG.STM.A",
            "atom_name": "EmptyStmt",
            "type": "Direct",
            "note": "#200"
        },
        {
            "ast_node": "tuple_pattern",
            "atom_id": "LOG.CTL.A",
            "atom_name": "DestructPattern",
            "type": "Direct"
        },
        {
            "ast_node": "slice_pattern",
            "atom_id": "LOG.CTL.A",
            "atom_name": "DestructPattern",
            "type": "Merged"
        },
        {
            "ast_node": "struct_pattern",
            "atom_id": "LOG.CTL.A",
            "atom_name": "DestructPattern",
            "type": "Merged"
        },
        {
            "ast_node": "ref_pattern",
            "atom_id": "LOG.CTL.A",
            "atom_name": "RefPattern",
            "type": "Direct"
        },
        {
            "ast_node": "reference_pattern",
            "atom_id": "LOG.CTL.A",
            "atom_name": "RefPattern",
            "type": "Merged"
        },
        {
            "ast_node": "mut_pattern",
            "atom_id": "LOG.CTL.A",
            "atom_name": "MutPattern",
            "type": "Direct"
        },
        {
            "ast_node": "or_pattern",
            "atom_id": "LOG.CTL.A",
            "atom_name": "OrPattern",
            "type": "Direct",
            "note": "#176"
        },
        {
            "ast_node": "range_pattern",
            "atom_id": "LOG.CTL.A",
            "atom_name": "RangePattern",
            "type": "Direct"
        },
        {
            "ast_node": "identifier_pattern",
            "atom_id": "LOG.CTL.A",
            "atom_name": "BindPattern",
            "type": "Direct"
        },
        {
            "ast_node": "_",
            "atom_id": "LOG.CTL.A",
            "atom_name": "WildcardPattern",
            "type": "Direct",
            "note": "#175"
        },
        {
            "ast_node": "rest_pattern",
            "atom_id": "LOG.CTL.A",
            "atom_name": "RestPattern",
            "type": "Direct",
            "note": "#178"
        }
    ]
}