{
  "version": "2.0",
  "timestamp": "2026-01-13T16:57:27.643462",
  "stats": {
    "total_atoms": 110,
    "ast_types_mapped": 74,
    "by_category": {
      "Data Foundations": 22,
      "Logic & Flow": 49,
      "Organization": 24,
      "Execution": 15
    },
    "by_fundamental": {
      "Bits": 2,
      "Primitives": 13,
      "Variables": 6,
      "Expressions": 8,
      "Statements": 12,
      "Control Structures": 10,
      "Functions": 19,
      "Aggregates": 12,
      "Modules": 4,
      "Files": 1,
      "Types": 4,
      "Executables": 13,
      "Services": 3,
      "Bytes": 1,
      "Workers": 2
    },
    "by_tier": {
      "T0": 74,
      "T1": 29,
      "T2": 7
    },
    "by_composition": {
      "atom": 68,
      "molecule": 23,
      "organelle": 19
    },
    "by_source": {
      "original": 110,
      "discovered": 0
    },
    "next_id": 118
  },
  "atoms": {
    "1": {
      "id": 1,
      "name": "BitFlag",
      "ast_types": [
        "binary_expression"
      ],
      "category": "Data Foundations",
      "fundamental": "Bits",
      "tier": "T0",
      "composition": "atom",
      "description": "Bit operation with mask",
      "detection_rule": "bit operation + constant mask",
      "source": "original",
      "discovered_at": ""
    },
    "2": {
      "id": 2,
      "name": "BitMask",
      "ast_types": [
        "binary_literal"
      ],
      "category": "Data Foundations",
      "fundamental": "Bits",
      "tier": "T0",
      "composition": "atom",
      "description": "Binary literal value",
      "detection_rule": "binary literal 0b...",
      "source": "original",
      "discovered_at": ""
    },
    "5": {
      "id": 5,
      "name": "Boolean",
      "ast_types": [
        "true",
        "false"
      ],
      "category": "Data Foundations",
      "fundamental": "Primitives",
      "tier": "T0",
      "composition": "atom",
      "description": "Boolean true/false value",
      "detection_rule": "type bool",
      "source": "original",
      "discovered_at": ""
    },
    "6": {
      "id": 6,
      "name": "Integer",
      "ast_types": [
        "integer"
      ],
      "category": "Data Foundations",
      "fundamental": "Primitives",
      "tier": "T0",
      "composition": "atom",
      "description": "Integer numeric value",
      "detection_rule": "integer type",
      "source": "original",
      "discovered_at": ""
    },
    "7": {
      "id": 7,
      "name": "Float",
      "ast_types": [
        "float"
      ],
      "category": "Data Foundations",
      "fundamental": "Primitives",
      "tier": "T0",
      "composition": "atom",
      "description": "Floating point value",
      "detection_rule": "float type",
      "source": "original",
      "discovered_at": ""
    },
    "8": {
      "id": 8,
      "name": "StringLiteral",
      "ast_types": [
        "string",
        "concatenated_string"
      ],
      "category": "Data Foundations",
      "fundamental": "Primitives",
      "tier": "T0",
      "composition": "atom",
      "description": "String literal value",
      "detection_rule": "string literal",
      "source": "original",
      "discovered_at": ""
    },
    "9": {
      "id": 9,
      "name": "NoneLiteral",
      "ast_types": [
        "none"
      ],
      "category": "Data Foundations",
      "fundamental": "Primitives",
      "tier": "T0",
      "composition": "atom",
      "description": "None/null value",
      "detection_rule": "None/null literal",
      "source": "original",
      "discovered_at": ""
    },
    "10": {
      "id": 10,
      "name": "ListLiteral",
      "ast_types": [
        "list"
      ],
      "category": "Data Foundations",
      "fundamental": "Primitives",
      "tier": "T0",
      "composition": "atom",
      "description": "List literal []",
      "detection_rule": "list brackets",
      "source": "original",
      "discovered_at": ""
    },
    "11": {
      "id": 11,
      "name": "DictLiteral",
      "ast_types": [
        "dictionary"
      ],
      "category": "Data Foundations",
      "fundamental": "Primitives",
      "tier": "T0",
      "composition": "atom",
      "description": "Dictionary literal {}",
      "detection_rule": "dict braces",
      "source": "original",
      "discovered_at": ""
    },
    "12": {
      "id": 12,
      "name": "TupleLiteral",
      "ast_types": [
        "tuple"
      ],
      "category": "Data Foundations",
      "fundamental": "Primitives",
      "tier": "T0",
      "composition": "atom",
      "description": "Tuple literal ()",
      "detection_rule": "tuple parens",
      "source": "original",
      "discovered_at": ""
    },
    "13": {
      "id": 13,
      "name": "LocalVar",
      "ast_types": [
        "identifier"
      ],
      "category": "Data Foundations",
      "fundamental": "Variables",
      "tier": "T0",
      "composition": "atom",
      "description": "Local variable reference",
      "detection_rule": "local declaration",
      "source": "original",
      "discovered_at": ""
    },
    "14": {
      "id": 14,
      "name": "Parameter",
      "ast_types": [
        "typed_parameter",
        "default_parameter"
      ],
      "category": "Data Foundations",
      "fundamental": "Variables",
      "tier": "T0",
      "composition": "atom",
      "description": "Function parameter",
      "detection_rule": "function parameter",
      "source": "original",
      "discovered_at": ""
    },
    "15": {
      "id": 15,
      "name": "InstanceField",
      "ast_types": [
        "attribute"
      ],
      "category": "Data Foundations",
      "fundamental": "Variables",
      "tier": "T0",
      "composition": "atom",
      "description": "Instance field access",
      "detection_rule": "this/self field access",
      "source": "original",
      "discovered_at": ""
    },
    "16": {
      "id": 16,
      "name": "IndexAccess",
      "ast_types": [
        "subscript"
      ],
      "category": "Data Foundations",
      "fundamental": "Variables",
      "tier": "T0",
      "composition": "atom",
      "description": "Array/dict index access",
      "detection_rule": "bracket access",
      "source": "original",
      "discovered_at": ""
    },
    "17": {
      "id": 17,
      "name": "SliceAccess",
      "ast_types": [
        "slice"
      ],
      "category": "Data Foundations",
      "fundamental": "Variables",
      "tier": "T0",
      "composition": "atom",
      "description": "Slice access [a:b]",
      "detection_rule": "slice notation",
      "source": "original",
      "discovered_at": ""
    },
    "18": {
      "id": 18,
      "name": "BinaryExpr",
      "ast_types": [
        "binary_operator"
      ],
      "category": "Logic & Flow",
      "fundamental": "Expressions",
      "tier": "T0",
      "composition": "atom",
      "description": "Binary operation a + b",
      "detection_rule": "arithmetic/bitwise ops",
      "source": "original",
      "discovered_at": ""
    },
    "19": {
      "id": 19,
      "name": "UnaryExpr",
      "ast_types": [
        "unary_operator",
        "not_operator"
      ],
      "category": "Logic & Flow",
      "fundamental": "Expressions",
      "tier": "T0",
      "composition": "atom",
      "description": "Unary operation -x, !x",
      "detection_rule": "unary prefix",
      "source": "original",
      "discovered_at": ""
    },
    "20": {
      "id": 20,
      "name": "ComparisonExpr",
      "ast_types": [
        "comparison_operator"
      ],
      "category": "Logic & Flow",
      "fundamental": "Expressions",
      "tier": "T0",
      "composition": "atom",
      "description": "Comparison a == b",
      "detection_rule": "comparison ops",
      "source": "original",
      "discovered_at": ""
    },
    "21": {
      "id": 21,
      "name": "LogicalExpr",
      "ast_types": [
        "boolean_operator"
      ],
      "category": "Logic & Flow",
      "fundamental": "Expressions",
      "tier": "T0",
      "composition": "atom",
      "description": "Logical and/or",
      "detection_rule": "boolean ops",
      "source": "original",
      "discovered_at": ""
    },
    "22": {
      "id": 22,
      "name": "CallExpr",
      "ast_types": [
        "call"
      ],
      "category": "Logic & Flow",
      "fundamental": "Expressions",
      "tier": "T0",
      "composition": "atom",
      "description": "Function call f(x)",
      "detection_rule": "function call",
      "source": "original",
      "discovered_at": ""
    },
    "23": {
      "id": 23,
      "name": "TernaryExpr",
      "ast_types": [
        "conditional_expression"
      ],
      "category": "Logic & Flow",
      "fundamental": "Expressions",
      "tier": "T0",
      "composition": "atom",
      "description": "Ternary a ? b : c",
      "detection_rule": "conditional expression",
      "source": "original",
      "discovered_at": ""
    },
    "24": {
      "id": 24,
      "name": "Closure",
      "ast_types": [
        "lambda"
      ],
      "category": "Logic & Flow",
      "fundamental": "Expressions",
      "tier": "T0",
      "composition": "atom",
      "description": "Lambda/closure",
      "detection_rule": "lambda keyword",
      "source": "original",
      "discovered_at": ""
    },
    "25": {
      "id": 25,
      "name": "AwaitExpr",
      "ast_types": [
        "await"
      ],
      "category": "Logic & Flow",
      "fundamental": "Expressions",
      "tier": "T0",
      "composition": "atom",
      "description": "Await expression",
      "detection_rule": "await keyword",
      "source": "original",
      "discovered_at": ""
    },
    "26": {
      "id": 26,
      "name": "Assignment",
      "ast_types": [
        "assignment"
      ],
      "category": "Logic & Flow",
      "fundamental": "Statements",
      "tier": "T0",
      "composition": "atom",
      "description": "Variable assignment",
      "detection_rule": "= operator",
      "source": "original",
      "discovered_at": ""
    },
    "27": {
      "id": 27,
      "name": "AugmentedAssignment",
      "ast_types": [
        "augmented_assignment"
      ],
      "category": "Logic & Flow",
      "fundamental": "Statements",
      "tier": "T0",
      "composition": "atom",
      "description": "Augmented assignment +=",
      "detection_rule": "+= operator",
      "source": "original",
      "discovered_at": ""
    },
    "28": {
      "id": 28,
      "name": "ExpressionStmt",
      "ast_types": [
        "expression_statement"
      ],
      "category": "Logic & Flow",
      "fundamental": "Statements",
      "tier": "T0",
      "composition": "atom",
      "description": "Standalone expression",
      "detection_rule": "expression as statement",
      "source": "original",
      "discovered_at": ""
    },
    "29": {
      "id": 29,
      "name": "ReturnStmt",
      "ast_types": [
        "return_statement"
      ],
      "category": "Logic & Flow",
      "fundamental": "Statements",
      "tier": "T0",
      "composition": "atom",
      "description": "Return statement",
      "detection_rule": "return keyword",
      "source": "original",
      "discovered_at": ""
    },
    "30": {
      "id": 30,
      "name": "RaiseStmt",
      "ast_types": [
        "raise_statement"
      ],
      "category": "Logic & Flow",
      "fundamental": "Statements",
      "tier": "T0",
      "composition": "atom",
      "description": "Raise/throw exception",
      "detection_rule": "raise keyword",
      "source": "original",
      "discovered_at": ""
    },
    "31": {
      "id": 31,
      "name": "AssertStmt",
      "ast_types": [
        "assert_statement"
      ],
      "category": "Logic & Flow",
      "fundamental": "Statements",
      "tier": "T0",
      "composition": "atom",
      "description": "Assert statement",
      "detection_rule": "assert keyword",
      "source": "original",
      "discovered_at": ""
    },
    "32": {
      "id": 32,
      "name": "PassStmt",
      "ast_types": [
        "pass_statement"
      ],
      "category": "Logic & Flow",
      "fundamental": "Statements",
      "tier": "T0",
      "composition": "atom",
      "description": "Pass/no-op statement",
      "detection_rule": "pass keyword",
      "source": "original",
      "discovered_at": ""
    },
    "33": {
      "id": 33,
      "name": "BreakStmt",
      "ast_types": [
        "break_statement"
      ],
      "category": "Logic & Flow",
      "fundamental": "Statements",
      "tier": "T0",
      "composition": "atom",
      "description": "Break loop",
      "detection_rule": "break keyword",
      "source": "original",
      "discovered_at": ""
    },
    "34": {
      "id": 34,
      "name": "ContinueStmt",
      "ast_types": [
        "continue_statement"
      ],
      "category": "Logic & Flow",
      "fundamental": "Statements",
      "tier": "T0",
      "composition": "atom",
      "description": "Continue loop",
      "detection_rule": "continue keyword",
      "source": "original",
      "discovered_at": ""
    },
    "35": {
      "id": 35,
      "name": "DeleteStmt",
      "ast_types": [
        "delete_statement"
      ],
      "category": "Logic & Flow",
      "fundamental": "Statements",
      "tier": "T0",
      "composition": "atom",
      "description": "Delete statement",
      "detection_rule": "del keyword",
      "source": "original",
      "discovered_at": ""
    },
    "36": {
      "id": 36,
      "name": "IfBranch",
      "ast_types": [
        "if_statement"
      ],
      "category": "Logic & Flow",
      "fundamental": "Control Structures",
      "tier": "T0",
      "composition": "atom",
      "description": "If conditional",
      "detection_rule": "if/else",
      "source": "original",
      "discovered_at": ""
    },
    "37": {
      "id": 37,
      "name": "ElifBranch",
      "ast_types": [
        "elif_clause"
      ],
      "category": "Logic & Flow",
      "fundamental": "Control Structures",
      "tier": "T0",
      "composition": "atom",
      "description": "Elif branch",
      "detection_rule": "elif keyword",
      "source": "original",
      "discovered_at": ""
    },
    "38": {
      "id": 38,
      "name": "ElseBranch",
      "ast_types": [
        "else_clause"
      ],
      "category": "Logic & Flow",
      "fundamental": "Control Structures",
      "tier": "T0",
      "composition": "atom",
      "description": "Else branch",
      "detection_rule": "else keyword",
      "source": "original",
      "discovered_at": ""
    },
    "39": {
      "id": 39,
      "name": "LoopFor",
      "ast_types": [
        "for_statement"
      ],
      "category": "Logic & Flow",
      "fundamental": "Control Structures",
      "tier": "T0",
      "composition": "atom",
      "description": "For loop",
      "detection_rule": "for loop",
      "source": "original",
      "discovered_at": ""
    },
    "40": {
      "id": 40,
      "name": "LoopWhile",
      "ast_types": [
        "while_statement"
      ],
      "category": "Logic & Flow",
      "fundamental": "Control Structures",
      "tier": "T0",
      "composition": "atom",
      "description": "While loop",
      "detection_rule": "while loop",
      "source": "original",
      "discovered_at": ""
    },
    "41": {
      "id": 41,
      "name": "TryCatch",
      "ast_types": [
        "try_statement"
      ],
      "category": "Logic & Flow",
      "fundamental": "Control Structures",
      "tier": "T0",
      "composition": "atom",
      "description": "Try/catch block",
      "detection_rule": "try/except",
      "source": "original",
      "discovered_at": ""
    },
    "42": {
      "id": 42,
      "name": "ExceptHandler",
      "ast_types": [
        "except_clause"
      ],
      "category": "Logic & Flow",
      "fundamental": "Control Structures",
      "tier": "T0",
      "composition": "atom",
      "description": "Exception handler",
      "detection_rule": "except clause",
      "source": "original",
      "discovered_at": ""
    },
    "43": {
      "id": 43,
      "name": "FinallyBlock",
      "ast_types": [
        "finally_clause"
      ],
      "category": "Logic & Flow",
      "fundamental": "Control Structures",
      "tier": "T0",
      "composition": "atom",
      "description": "Finally block",
      "detection_rule": "finally clause",
      "source": "original",
      "discovered_at": ""
    },
    "44": {
      "id": 44,
      "name": "ContextManager",
      "ast_types": [
        "with_statement"
      ],
      "category": "Logic & Flow",
      "fundamental": "Control Structures",
      "tier": "T0",
      "composition": "atom",
      "description": "With context manager",
      "detection_rule": "with statement",
      "source": "original",
      "discovered_at": ""
    },
    "45": {
      "id": 45,
      "name": "PatternMatch",
      "ast_types": [
        "match_statement",
        "case_clause"
      ],
      "category": "Logic & Flow",
      "fundamental": "Control Structures",
      "tier": "T0",
      "composition": "atom",
      "description": "Pattern matching",
      "detection_rule": "match/case",
      "source": "original",
      "discovered_at": ""
    },
    "46": {
      "id": 46,
      "name": "Function",
      "ast_types": [
        "function_definition"
      ],
      "category": "Logic & Flow",
      "fundamental": "Functions",
      "tier": "T0",
      "composition": "molecule",
      "description": "Function definition",
      "detection_rule": "def keyword",
      "source": "original",
      "discovered_at": ""
    },
    "47": {
      "id": 47,
      "name": "AsyncFunction",
      "ast_types": [
        "async_function_definition"
      ],
      "category": "Logic & Flow",
      "fundamental": "Functions",
      "tier": "T0",
      "composition": "molecule",
      "description": "Async function",
      "detection_rule": "async def",
      "source": "original",
      "discovered_at": ""
    },
    "48": {
      "id": 48,
      "name": "DecoratedFunction",
      "ast_types": [
        "decorated_definition"
      ],
      "category": "Logic & Flow",
      "fundamental": "Functions",
      "tier": "T0",
      "composition": "molecule",
      "description": "Decorated function",
      "detection_rule": "@decorator",
      "source": "original",
      "discovered_at": ""
    },
    "49": {
      "id": 49,
      "name": "Generator",
      "ast_types": [
        "generator_expression"
      ],
      "category": "Logic & Flow",
      "fundamental": "Functions",
      "tier": "T0",
      "composition": "molecule",
      "description": "Generator expression",
      "detection_rule": "yield keyword",
      "source": "original",
      "discovered_at": ""
    },
    "50": {
      "id": 50,
      "name": "ListComprehension",
      "ast_types": [
        "list_comprehension"
      ],
      "category": "Logic & Flow",
      "fundamental": "Functions",
      "tier": "T0",
      "composition": "atom",
      "description": "List comprehension",
      "detection_rule": "[x for x in]",
      "source": "original",
      "discovered_at": ""
    },
    "51": {
      "id": 51,
      "name": "DictComprehension",
      "ast_types": [
        "dictionary_comprehension"
      ],
      "category": "Logic & Flow",
      "fundamental": "Functions",
      "tier": "T0",
      "composition": "atom",
      "description": "Dict comprehension",
      "detection_rule": "{k:v for}",
      "source": "original",
      "discovered_at": ""
    },
    "52": {
      "id": 52,
      "name": "SetComprehension",
      "ast_types": [
        "set_comprehension"
      ],
      "category": "Logic & Flow",
      "fundamental": "Functions",
      "tier": "T0",
      "composition": "atom",
      "description": "Set comprehension",
      "detection_rule": "{x for x}",
      "source": "original",
      "discovered_at": ""
    },
    "53": {
      "id": 53,
      "name": "Decorator",
      "ast_types": [
        "decorator"
      ],
      "category": "Logic & Flow",
      "fundamental": "Functions",
      "tier": "T0",
      "composition": "atom",
      "description": "Decorator",
      "detection_rule": "@symbol",
      "source": "original",
      "discovered_at": ""
    },
    "54": {
      "id": 54,
      "name": "ParameterList",
      "ast_types": [
        "parameters"
      ],
      "category": "Logic & Flow",
      "fundamental": "Functions",
      "tier": "T0",
      "composition": "atom",
      "description": "Parameter list",
      "detection_rule": "(params)",
      "source": "original",
      "discovered_at": ""
    },
    "55": {
      "id": 55,
      "name": "ArgumentList",
      "ast_types": [
        "argument_list"
      ],
      "category": "Logic & Flow",
      "fundamental": "Functions",
      "tier": "T0",
      "composition": "atom",
      "description": "Argument list",
      "detection_rule": "(args)",
      "source": "original",
      "discovered_at": ""
    },
    "56": {
      "id": 56,
      "name": "Class",
      "ast_types": [
        "class_definition"
      ],
      "category": "Organization",
      "fundamental": "Aggregates",
      "tier": "T0",
      "composition": "molecule",
      "description": "Class definition",
      "detection_rule": "class keyword",
      "source": "original",
      "discovered_at": ""
    },
    "57": {
      "id": 57,
      "name": "ValueObject",
      "ast_types": [],
      "category": "Organization",
      "fundamental": "Aggregates",
      "tier": "T0",
      "composition": "molecule",
      "description": "Immutable value type",
      "detection_rule": "class immutable + no id",
      "source": "original",
      "discovered_at": ""
    },
    "58": {
      "id": 58,
      "name": "Entity",
      "ast_types": [],
      "category": "Organization",
      "fundamental": "Aggregates",
      "tier": "T0",
      "composition": "molecule",
      "description": "Entity with identity",
      "detection_rule": "class with id field",
      "source": "original",
      "discovered_at": ""
    },
    "59": {
      "id": 59,
      "name": "AggregateRoot",
      "ast_types": [],
      "category": "Organization",
      "fundamental": "Aggregates",
      "tier": "T0",
      "composition": "organelle",
      "description": "Aggregate root",
      "detection_rule": "raises domain events",
      "source": "original",
      "discovered_at": ""
    },
    "60": {
      "id": 60,
      "name": "DTO",
      "ast_types": [],
      "category": "Organization",
      "fundamental": "Aggregates",
      "tier": "T0",
      "composition": "molecule",
      "description": "Data transfer object",
      "detection_rule": "data-only class",
      "source": "original",
      "discovered_at": ""
    },
    "61": {
      "id": 61,
      "name": "Factory",
      "ast_types": [],
      "category": "Organization",
      "fundamental": "Aggregates",
      "tier": "T0",
      "composition": "molecule",
      "description": "Factory class/method",
      "detection_rule": "static create method",
      "source": "original",
      "discovered_at": ""
    },
    "66": {
      "id": 66,
      "name": "Import",
      "ast_types": [
        "import_statement"
      ],
      "category": "Organization",
      "fundamental": "Modules",
      "tier": "T0",
      "composition": "atom",
      "description": "Import statement",
      "detection_rule": "import keyword",
      "source": "original",
      "discovered_at": ""
    },
    "67": {
      "id": 67,
      "name": "ImportFrom",
      "ast_types": [
        "import_from_statement"
      ],
      "category": "Organization",
      "fundamental": "Modules",
      "tier": "T0",
      "composition": "atom",
      "description": "From import",
      "detection_rule": "from x import y",
      "source": "original",
      "discovered_at": ""
    },
    "68": {
      "id": 68,
      "name": "ImportAlias",
      "ast_types": [
        "aliased_import"
      ],
      "category": "Organization",
      "fundamental": "Modules",
      "tier": "T0",
      "composition": "atom",
      "description": "Import alias",
      "detection_rule": "import as",
      "source": "original",
      "discovered_at": ""
    },
    "69": {
      "id": 69,
      "name": "DottedName",
      "ast_types": [
        "dotted_name"
      ],
      "category": "Organization",
      "fundamental": "Modules",
      "tier": "T0",
      "composition": "atom",
      "description": "Dotted module path",
      "detection_rule": "a.b.c",
      "source": "original",
      "discovered_at": ""
    },
    "70": {
      "id": 70,
      "name": "Comment",
      "ast_types": [
        "comment"
      ],
      "category": "Organization",
      "fundamental": "Files",
      "tier": "T0",
      "composition": "atom",
      "description": "Code comment",
      "detection_rule": "# or //",
      "source": "original",
      "discovered_at": ""
    },
    "71": {
      "id": 71,
      "name": "TypeAnnotation",
      "ast_types": [
        "type"
      ],
      "category": "Organization",
      "fundamental": "Types",
      "tier": "T0",
      "composition": "atom",
      "description": "Type annotation",
      "detection_rule": ": Type",
      "source": "original",
      "discovered_at": ""
    },
    "72": {
      "id": 72,
      "name": "GenericType",
      "ast_types": [
        "generic_type"
      ],
      "category": "Organization",
      "fundamental": "Types",
      "tier": "T0",
      "composition": "atom",
      "description": "Generic type",
      "detection_rule": "List[T]",
      "source": "original",
      "discovered_at": ""
    },
    "73": {
      "id": 73,
      "name": "UnionType",
      "ast_types": [
        "union_type"
      ],
      "category": "Organization",
      "fundamental": "Types",
      "tier": "T0",
      "composition": "atom",
      "description": "Union type",
      "detection_rule": "A | B",
      "source": "original",
      "discovered_at": ""
    },
    "74": {
      "id": 74,
      "name": "KeywordArg",
      "ast_types": [
        "keyword_argument"
      ],
      "category": "Organization",
      "fundamental": "Types",
      "tier": "T0",
      "composition": "atom",
      "description": "Keyword argument",
      "detection_rule": "key=value",
      "source": "original",
      "discovered_at": ""
    },
    "76": {
      "id": 76,
      "name": "MainEntry",
      "ast_types": [],
      "category": "Execution",
      "fundamental": "Executables",
      "tier": "T1",
      "composition": "organelle",
      "description": "Main entry point",
      "detection_rule": "if __name__",
      "source": "original",
      "discovered_at": ""
    },
    "77": {
      "id": 77,
      "name": "APIHandler",
      "ast_types": [],
      "category": "Execution",
      "fundamental": "Executables",
      "tier": "T1",
      "composition": "organelle",
      "description": "API route handler",
      "detection_rule": "@app.get/post",
      "source": "original",
      "discovered_at": ""
    },
    "78": {
      "id": 78,
      "name": "CommandHandler",
      "ast_types": [],
      "category": "Execution",
      "fundamental": "Executables",
      "tier": "T1",
      "composition": "organelle",
      "description": "Command handler (CQRS)",
      "detection_rule": "handles *Command",
      "source": "original",
      "discovered_at": ""
    },
    "79": {
      "id": 79,
      "name": "QueryHandler",
      "ast_types": [],
      "category": "Execution",
      "fundamental": "Executables",
      "tier": "T1",
      "composition": "organelle",
      "description": "Query handler (CQRS)",
      "detection_rule": "handles *Query",
      "source": "original",
      "discovered_at": ""
    },
    "80": {
      "id": 80,
      "name": "EventHandler",
      "ast_types": [],
      "category": "Execution",
      "fundamental": "Executables",
      "tier": "T1",
      "composition": "organelle",
      "description": "Event handler",
      "detection_rule": "@Subscribe",
      "source": "original",
      "discovered_at": ""
    },
    "81": {
      "id": 81,
      "name": "Middleware",
      "ast_types": [],
      "category": "Execution",
      "fundamental": "Executables",
      "tier": "T1",
      "composition": "organelle",
      "description": "Middleware function",
      "detection_rule": "calls next()",
      "source": "original",
      "discovered_at": ""
    },
    "82": {
      "id": 82,
      "name": "Validator",
      "ast_types": [],
      "category": "Execution",
      "fundamental": "Executables",
      "tier": "T1",
      "composition": "organelle",
      "description": "Validation function",
      "detection_rule": "validate* + throws",
      "source": "original",
      "discovered_at": ""
    },
    "83": {
      "id": 83,
      "name": "Repository",
      "ast_types": [],
      "category": "Execution",
      "fundamental": "Executables",
      "tier": "T1",
      "composition": "organelle",
      "description": "Repository pattern",
      "detection_rule": "save/find methods",
      "source": "original",
      "discovered_at": ""
    },
    "84": {
      "id": 84,
      "name": "UseCase",
      "ast_types": [],
      "category": "Execution",
      "fundamental": "Executables",
      "tier": "T1",
      "composition": "organelle",
      "description": "Use case handler",
      "detection_rule": "single execute method",
      "source": "original",
      "discovered_at": ""
    },
    "85": {
      "id": 85,
      "name": "UUID",
      "ast_types": [
        "uuid"
      ],
      "category": "Data Foundations",
      "fundamental": "Primitives",
      "tier": "T0",
      "composition": "atom",
      "description": "Unique identifier value",
      "detection_rule": "uuid type or import",
      "source": "original",
      "discovered_at": ""
    },
    "86": {
      "id": 86,
      "name": "Timestamp",
      "ast_types": [
        "datetime"
      ],
      "category": "Data Foundations",
      "fundamental": "Primitives",
      "tier": "T0",
      "composition": "atom",
      "description": "Date/time value",
      "detection_rule": "datetime type",
      "source": "original",
      "discovered_at": ""
    },
    "87": {
      "id": 87,
      "name": "Duration",
      "ast_types": [
        "timedelta"
      ],
      "category": "Data Foundations",
      "fundamental": "Primitives",
      "tier": "T0",
      "composition": "atom",
      "description": "Time duration/interval",
      "detection_rule": "timedelta type",
      "source": "original",
      "discovered_at": ""
    },
    "88": {
      "id": 88,
      "name": "SecretVar",
      "ast_types": [],
      "category": "Data Foundations",
      "fundamental": "Variables",
      "tier": "T1",
      "composition": "atom",
      "description": "Sensitive credential/secret",
      "detection_rule": "secret/password/key pattern",
      "source": "original",
      "discovered_at": ""
    },
    "89": {
      "id": 89,
      "name": "RetryFunction",
      "ast_types": [],
      "category": "Logic & Flow",
      "fundamental": "Functions",
      "tier": "T1",
      "composition": "molecule",
      "description": "Function with retry/backoff logic",
      "detection_rule": "retry decorator or loop",
      "source": "original",
      "discovered_at": ""
    },
    "90": {
      "id": 90,
      "name": "CachedFunction",
      "ast_types": [],
      "category": "Logic & Flow",
      "fundamental": "Functions",
      "tier": "T1",
      "composition": "molecule",
      "description": "Memoized/cached function",
      "detection_rule": "@cache/@lru_cache",
      "source": "original",
      "discovered_at": ""
    },
    "91": {
      "id": 91,
      "name": "Saga",
      "ast_types": [],
      "category": "Logic & Flow",
      "fundamental": "Functions",
      "tier": "T1",
      "composition": "organelle",
      "description": "Distributed transaction coordinator",
      "detection_rule": "compensating actions",
      "source": "original",
      "discovered_at": ""
    },
    "92": {
      "id": 92,
      "name": "Pipeline",
      "ast_types": [],
      "category": "Logic & Flow",
      "fundamental": "Functions",
      "tier": "T1",
      "composition": "molecule",
      "description": "Composable transformation chain",
      "detection_rule": "pipe pattern",
      "source": "original",
      "discovered_at": ""
    },
    "93": {
      "id": 93,
      "name": "Cache",
      "ast_types": [],
      "category": "Organization",
      "fundamental": "Services",
      "tier": "T1",
      "composition": "molecule",
      "description": "Caching abstraction",
      "detection_rule": "cache get/set methods",
      "source": "original",
      "discovered_at": ""
    },
    "94": {
      "id": 94,
      "name": "EventBus",
      "ast_types": [],
      "category": "Organization",
      "fundamental": "Services",
      "tier": "T1",
      "composition": "organelle",
      "description": "Event publishing/subscription",
      "detection_rule": "publish/subscribe pattern",
      "source": "original",
      "discovered_at": ""
    },
    "95": {
      "id": 95,
      "name": "MessageBroker",
      "ast_types": [],
      "category": "Organization",
      "fundamental": "Services",
      "tier": "T1",
      "composition": "organelle",
      "description": "Message queue abstraction",
      "detection_rule": "queue/topic pattern",
      "source": "original",
      "discovered_at": ""
    },
    "96": {
      "id": 96,
      "name": "SSEHandler",
      "ast_types": [],
      "category": "Execution",
      "fundamental": "Executables",
      "tier": "T1",
      "composition": "organelle",
      "description": "Server-sent events stream",
      "detection_rule": "event stream pattern",
      "source": "original",
      "discovered_at": ""
    },
    "97": {
      "id": 97,
      "name": "gRPCHandler",
      "ast_types": [],
      "category": "Execution",
      "fundamental": "Executables",
      "tier": "T2",
      "composition": "organelle",
      "description": "gRPC service method",
      "detection_rule": "grpc stub/service",
      "source": "original",
      "discovered_at": ""
    },
    "98": {
      "id": 98,
      "name": "ChaosProbe",
      "ast_types": [],
      "category": "Execution",
      "fundamental": "Executables",
      "tier": "T2",
      "composition": "organelle",
      "description": "Chaos engineering fault injection",
      "detection_rule": "chaos/fault injection",
      "source": "original",
      "discovered_at": ""
    },
    "99": {
      "id": 99,
      "name": "CanaryCheck",
      "ast_types": [],
      "category": "Execution",
      "fundamental": "Executables",
      "tier": "T2",
      "composition": "organelle",
      "description": "Canary deployment validator",
      "detection_rule": "canary/gradual rollout",
      "source": "original",
      "discovered_at": ""
    },
    "100": {
      "id": 100,
      "name": "Blob",
      "ast_types": [
        "blob"
      ],
      "category": "Data Foundations",
      "fundamental": "Bytes",
      "tier": "T0",
      "composition": "atom",
      "description": "Binary large object",
      "detection_rule": "blob/binary type",
      "source": "original",
      "discovered_at": ""
    },
    "101": {
      "id": 101,
      "name": "Tensor",
      "ast_types": [
        "tensor"
      ],
      "category": "Data Foundations",
      "fundamental": "Primitives",
      "tier": "T2",
      "composition": "atom",
      "description": "Multi-dimensional array",
      "detection_rule": "tensor type",
      "source": "original",
      "discovered_at": ""
    },
    "102": {
      "id": 102,
      "name": "Coordinate",
      "ast_types": [
        "coordinate"
      ],
      "category": "Data Foundations",
      "fundamental": "Primitives",
      "tier": "T2",
      "composition": "atom",
      "description": "Geo/spatial coordinate",
      "detection_rule": "lat/long pair",
      "source": "original",
      "discovered_at": ""
    },
    "103": {
      "id": 103,
      "name": "GraphNode",
      "ast_types": [],
      "category": "Organization",
      "fundamental": "Aggregates",
      "tier": "T1",
      "composition": "molecule",
      "description": "Graph vertex",
      "detection_rule": "node/vertex class",
      "source": "original",
      "discovered_at": ""
    },
    "104": {
      "id": 104,
      "name": "GraphEdge",
      "ast_types": [],
      "category": "Organization",
      "fundamental": "Aggregates",
      "tier": "T1",
      "composition": "molecule",
      "description": "Graph connection",
      "detection_rule": "edge/link class",
      "source": "original",
      "discovered_at": ""
    },
    "105": {
      "id": 105,
      "name": "Tree",
      "ast_types": [],
      "category": "Organization",
      "fundamental": "Aggregates",
      "tier": "T1",
      "composition": "molecule",
      "description": "Hierarchical structure",
      "detection_rule": "tree class",
      "source": "original",
      "discovered_at": ""
    },
    "106": {
      "id": 106,
      "name": "Stack",
      "ast_types": [],
      "category": "Organization",
      "fundamental": "Aggregates",
      "tier": "T1",
      "composition": "molecule",
      "description": "LIFO collection",
      "detection_rule": "stack class",
      "source": "original",
      "discovered_at": ""
    },
    "107": {
      "id": 107,
      "name": "Queue",
      "ast_types": [],
      "category": "Organization",
      "fundamental": "Aggregates",
      "tier": "T1",
      "composition": "molecule",
      "description": "FIFO collection",
      "detection_rule": "queue class",
      "source": "original",
      "discovered_at": ""
    },
    "108": {
      "id": 108,
      "name": "LinkedList",
      "ast_types": [],
      "category": "Organization",
      "fundamental": "Aggregates",
      "tier": "T1",
      "composition": "molecule",
      "description": "Linked node sequence",
      "detection_rule": "linked list class",
      "source": "original",
      "discovered_at": ""
    },
    "109": {
      "id": 109,
      "name": "ThrottledFunction",
      "ast_types": [],
      "category": "Logic & Flow",
      "fundamental": "Functions",
      "tier": "T1",
      "composition": "molecule",
      "description": "Rate-limited execution",
      "detection_rule": "throttle wrapper",
      "source": "original",
      "discovered_at": ""
    },
    "110": {
      "id": 110,
      "name": "DebouncedFunction",
      "ast_types": [],
      "category": "Logic & Flow",
      "fundamental": "Functions",
      "tier": "T1",
      "composition": "molecule",
      "description": "Delayed execution",
      "detection_rule": "debounce wrapper",
      "source": "original",
      "discovered_at": ""
    },
    "111": {
      "id": 111,
      "name": "CurriedFunction",
      "ast_types": [],
      "category": "Logic & Flow",
      "fundamental": "Functions",
      "tier": "T1",
      "composition": "molecule",
      "description": "Partial application",
      "detection_rule": "curry wrapper",
      "source": "original",
      "discovered_at": ""
    },
    "112": {
      "id": 112,
      "name": "LazyFunction",
      "ast_types": [],
      "category": "Logic & Flow",
      "fundamental": "Functions",
      "tier": "T1",
      "composition": "molecule",
      "description": "Evaluation on demand",
      "detection_rule": "lazy wrapper",
      "source": "original",
      "discovered_at": ""
    },
    "113": {
      "id": 113,
      "name": "DeferStmt",
      "ast_types": [],
      "category": "Logic & Flow",
      "fundamental": "Statements",
      "tier": "T0",
      "composition": "atom",
      "description": "Deferred execution",
      "detection_rule": "defer keyword",
      "source": "original",
      "discovered_at": ""
    },
    "114": {
      "id": 114,
      "name": "GotoStmt",
      "ast_types": [],
      "category": "Logic & Flow",
      "fundamental": "Statements",
      "tier": "T0",
      "composition": "atom",
      "description": "Unconditional jump",
      "detection_rule": "goto keyword",
      "source": "original",
      "discovered_at": ""
    },
    "115": {
      "id": 115,
      "name": "PipelineStep",
      "ast_types": [],
      "category": "Logic & Flow",
      "fundamental": "Functions",
      "tier": "T1",
      "composition": "atom",
      "description": "Step in a pipeline",
      "detection_rule": "pipeline stage",
      "source": "original",
      "discovered_at": ""
    },
    "116": {
      "id": 116,
      "name": "Sidecar",
      "ast_types": [],
      "category": "Execution",
      "fundamental": "Workers",
      "tier": "T2",
      "composition": "organelle",
      "description": "Auxiliary container process",
      "detection_rule": "sidecar pattern",
      "source": "original",
      "discovered_at": ""
    },
    "117": {
      "id": 117,
      "name": "ReplicaSet",
      "ast_types": [],
      "category": "Execution",
      "fundamental": "Workers",
      "tier": "T2",
      "composition": "organelle",
      "description": "Redundant process set",
      "detection_rule": "replica set configuration",
      "source": "original",
      "discovered_at": ""
    }
  }
}