{
  "version": "V12.1",
  "description": "Particle type definitions with RPBL scores",
  "particle_types": [
    {
      "id": "Entity",
      "name": "Entity",
      "responsibility": 9,
      "purity": 3,
      "boundary": 8,
      "lifecycle": 9,
      "description": "Core domain object with identity and lifecycle management"
    },
    {
      "id": "Repository",
      "name": "Repository",
      "responsibility": 8,
      "purity": 6,
      "boundary": 7,
      "lifecycle": 7,
      "description": "Data access layer for aggregate persistence"
    },
    {
      "id": "RepositoryImpl",
      "name": "RepositoryImpl",
      "responsibility": 8,
      "purity": 3,
      "boundary": 6,
      "lifecycle": 7,
      "description": "Concrete repository implementation (I/O boundary)"
    },
    {
      "id": "Service",
      "name": "Service",
      "responsibility": 7,
      "purity": 4,
      "boundary": 6,
      "lifecycle": 5,
      "description": "Business logic coordination across domain objects"
    },
    {
      "id": "UseCase",
      "name": "UseCase",
      "responsibility": 6,
      "purity": 5,
      "boundary": 7,
      "lifecycle": 4,
      "description": "Application-specific business operation with single purpose"
    },
    {
      "id": "ValueObject",
      "name": "ValueObject",
      "responsibility": 4,
      "purity": 9,
      "boundary": 5,
      "lifecycle": 8,
      "description": "Immutable object defined by its attributes, not identity"
    },
    {
      "id": "DTO",
      "name": "DTO",
      "responsibility": 4,
      "purity": 8,
      "boundary": 8,
      "lifecycle": 3,
      "description": "Data transfer object / schema (no business behavior)"
    },
    {
      "id": "Controller",
      "name": "Controller",
      "responsibility": 6,
      "purity": 2,
      "boundary": 9,
      "lifecycle": 4,
      "description": "Handles user input and coordinates application flow"
    },
    {
      "id": "Factory",
      "name": "Factory",
      "responsibility": 5,
      "purity": 6,
      "boundary": 4,
      "lifecycle": 3,
      "description": "Encapsulates complex object creation logic"
    },
    {
      "id": "AggregateRoot",
      "name": "AggregateRoot",
      "responsibility": 10,
      "purity": 5,
      "boundary": 9,
      "lifecycle": 10,
      "description": "Root entity that enforces business invariants"
    },
    {
      "id": "DomainService",
      "name": "DomainService",
      "responsibility": 8,
      "purity": 7,
      "boundary": 5,
      "lifecycle": 6,
      "description": "Domain-specific business logic that doesn't fit in entities"
    },
    {
      "id": "ApplicationService",
      "name": "ApplicationService",
      "responsibility": 7,
      "purity": 3,
      "boundary": 8,
      "lifecycle": 5,
      "description": "Application-level orchestration and coordination"
    },
    {
      "id": "Specification",
      "name": "Specification",
      "responsibility": 4,
      "purity": 8,
      "boundary": 3,
      "lifecycle": 7,
      "description": "Encapsulated business rule that can be combined"
    },
    {
      "id": "EventHandler",
      "name": "EventHandler",
      "responsibility": 6,
      "purity": 4,
      "boundary": 6,
      "lifecycle": 5,
      "description": "Handles domain events and executes side effects"
    },
    {
      "id": "Projection",
      "name": "Projection",
      "responsibility": 5,
      "purity": 7,
      "boundary": 5,
      "lifecycle": 6,
      "description": "Read model optimized for queries"
    },
    {
      "id": "ReadModel",
      "name": "ReadModel",
      "responsibility": 3,
      "purity": 8,
      "boundary": 4,
      "lifecycle": 7,
      "description": "Denormalized view model for read operations"
    },
    {
      "id": "Command",
      "name": "Command",
      "responsibility": 4,
      "purity": 9,
      "boundary": 3,
      "lifecycle": 2,
      "description": "Immutable intent to change system state"
    },
    {
      "id": "Query",
      "name": "Query",
      "responsibility": 3,
      "purity": 9,
      "boundary": 3,
      "lifecycle": 2,
      "description": "Immutable request for system information"
    },
    {
      "id": "Policy",
      "name": "Policy",
      "responsibility": 5,
      "purity": 8,
      "boundary": 4,
      "lifecycle": 8,
      "description": "Encapsulated business rule or algorithm"
    },
    {
      "id": "Strategy",
      "name": "Strategy",
      "responsibility": 6,
      "purity": 7,
      "boundary": 5,
      "lifecycle": 6,
      "description": "Pluggable algorithm implementation"
    },
    {
      "id": "Observer",
      "name": "Observer",
      "responsibility": 4,
      "purity": 5,
      "boundary": 6,
      "lifecycle": 5,
      "description": "Reactive pattern for state change notifications"
    },
    {
      "id": "Mediator",
      "name": "Mediator",
      "responsibility": 7,
      "purity": 3,
      "boundary": 8,
      "lifecycle": 4,
      "description": "Central coordinator for component communication"
    }
  ],
  "rpbl_explanation": {
    "responsibility": "Weight and importance of the particle's responsibilities (1-10)",
    "purity": "Functional purity and immutability of the particle (1-10)",
    "boundary": "Boundary control and interface definition strength (1-10)",
    "lifecycle": "Lifecycle management complexity and duration (1-10)"
  }
}
