{
  "$schema": "workspace-manifest-v1",
  "generation_timestamp": "2026-01-18T14:00:00Z",
  "workspace_path": "/Users/lech/PROJECTS_all/PROJECT_elements",
  "contents": [
    "README.md (workspace)",
    "AGENT_KERNEL.md",
    "EVAL_LOG.md",
    "WORKFLOWS.md",
    ".agent/workflows/testing_suite.md"
  ],
  "related_subprojects": [
    "standard-model-of-code/"
  ],
  "notes": [
    "This is the workspace-level context",
    "The main project is in standard-model-of-code/",
    "Contains agent instructions and workflows"
  ]
}
